Method,Average LCC Drop (%)
Random Attack,0.018551162595483922
Betweenness Attack,0.8146142869134559
Degree Attack,0.9481658692185008
Proposed Model,1.100058759338538
